{"constants": {"baseDensity": 1, "chemicalPotential": 1, "dt": 0.005, "dx": 0.2, "g": -1, "hbar": 1, "healingLength": 0.7071067811865475, "mass": 1, "plotFPS": 1000.0, "plotPause": 0.001, "plotStep": 10, "plotYMax": 2, "plotYMin": -2, "r": 0.12499999999999997, "tCount": 1000, "tMax": 5, "tMin": 0, "velocity": 0, "x0": 0, "xCount": 100, "xMax": 10, "xMin": -10}, "potential": "\u0080\u0004\u0095\u0010\u0000\u0000\u0000\u0000\u0000\u0000\u0000\u008c\u0006module\u0094\u008c\u0001V\u0094\u0093\u0094.", "wave_function": "\u0080\u0004\u0095\u001b\u0000\u0000\u0000\u0000\u0000\u0000\u0000\u008c\u0006module\u0094\u008c\fwaveFunction\u0094\u0093\u0094.", "x": [-10.0, -9.8, -9.600000000000001, -9.400000000000002, -9.200000000000003, -9.000000000000004, -8.800000000000004, -8.600000000000005, -8.400000000000006, -8.200000000000006, -8.000000000000007, -7.800000000000008, -7.6000000000000085, -7.400000000000009, -7.20000000000001, -7.000000000000011, -6.800000000000011, -6.600000000000012, -6.400000000000013, -6.2000000000000135, -6.000000000000014, -5.800000000000015, -5.600000000000016, -5.400000000000016, -5.200000000000017, -5.000000000000018, -4.8000000000000185, -4.600000000000019, -4.40000000000002, -4.200000000000021, -4.000000000000021, -3.800000000000022, -3.6000000000000227, -3.4000000000000234, -3.200000000000024, -3.000000000000025, -2.8000000000000256, -2.6000000000000263, -2.400000000000027, -2.2000000000000277, -2.0000000000000284, -1.8000000000000291, -1.6000000000000298, -1.4000000000000306, -1.2000000000000313, -1.000000000000032, -0.8000000000000327, -0.6000000000000334, -0.4000000000000341, -0.20000000000003482, -3.552713678800501e-14, 0.19999999999996376, 0.39999999999996305, 0.5999999999999623, 0.7999999999999616, 0.9999999999999609, 1.1999999999999602, 1.3999999999999595, 1.5999999999999588, 1.799999999999958, 1.9999999999999574, 2.1999999999999567, 2.399999999999956, 2.5999999999999552, 2.7999999999999545, 2.999999999999954, 3.199999999999953, 3.3999999999999524, 3.5999999999999517, 3.799999999999951, 3.9999999999999503, 4.1999999999999496, 4.399999999999949, 4.599999999999948, 4.799999999999947, 4.999999999999947, 5.199999999999946, 5.399999999999945, 5.599999999999945, 5.799999999999944, 5.999999999999943, 6.1999999999999424, 6.399999999999942, 6.599999999999941, 6.79999999999994, 6.99999999999994, 7.199999999999939, 7.399999999999938, 7.5999999999999375, 7.799999999999937, 7.999999999999936, 8.199999999999935, 8.399999999999935, 8.599999999999934, 8.799999999999933, 8.999999999999932, 9.199999999999932, 9.399999999999931, 9.59999999999993, 9.79999999999993], "t": [0.0, 0.005, 0.01, 0.015, 0.02, 0.025, 0.03, 0.035, 0.04, 0.045, 0.05, 0.055, 0.06, 0.065, 0.07, 0.075, 0.08, 0.085, 0.09, 0.095, 0.1, 0.105, 0.11, 0.115, 0.12, 0.125, 0.13, 0.135, 0.14, 0.145, 0.15, 0.155, 0.16, 0.165, 0.17, 0.17500000000000002, 0.18, 0.185, 0.19, 0.195, 0.2, 0.20500000000000002, 0.21, 0.215, 0.22, 0.225, 0.23, 0.23500000000000001, 0.24, 0.245, 0.25, 0.255, 0.26, 0.265, 0.27, 0.275, 0.28, 0.28500000000000003, 0.29, 0.295, 0.3, 0.305, 0.31, 0.315, 0.32, 0.325, 0.33, 0.335, 0.34, 0.34500000000000003, 0.35000000000000003, 0.355, 0.36, 0.365, 0.37, 0.375, 0.38, 0.385, 0.39, 0.395, 0.4, 0.405, 0.41000000000000003, 0.41500000000000004, 0.42, 0.425, 0.43, 0.435, 0.44, 0.445, 0.45, 0.455, 0.46, 0.465, 0.47000000000000003, 0.47500000000000003, 0.48, 0.485, 0.49, 0.495, 0.5, 0.505, 0.51, 0.515, 0.52, 0.525, 0.53, 0.535, 0.54, 0.545, 0.55, 0.555, 0.56, 0.5650000000000001, 0.5700000000000001, 0.5750000000000001, 0.58, 0.585, 0.59, 0.595, 0.6, 0.605, 0.61, 0.615, 0.62, 0.625, 0.63, 0.635, 0.64, 0.645, 0.65, 0.655, 0.66, 0.665, 0.67, 0.675, 0.68, 0.685, 0.6900000000000001, 0.6950000000000001, 0.7000000000000001, 0.705, 0.71, 0.715, 0.72, 0.725, 0.73, 0.735, 0.74, 0.745, 0.75, 0.755, 0.76, 0.765, 0.77, 0.775, 0.78, 0.785, 0.79, 0.795, 0.8, 0.805, 0.81, 0.8150000000000001, 0.8200000000000001, 0.8250000000000001, 0.8300000000000001, 0.835, 0.84, 0.845, 0.85, 0.855, 0.86, 0.865, 0.87, 0.875, 0.88, 0.885, 0.89, 0.895, 0.9, 0.905, 0.91, 0.915, 0.92, 0.925, 0.93, 0.935, 0.9400000000000001, 0.9450000000000001, 0.9500000000000001, 0.9550000000000001, 0.96, 0.965, 0.97, 0.975, 0.98, 0.985, 0.99, 0.995, 1.0, 1.0050000000000001, 1.01, 1.0150000000000001, 1.02, 1.025, 1.03, 1.035, 1.04, 1.045, 1.05, 1.055, 1.06, 1.065, 1.07, 1.075, 1.08, 1.085, 1.09, 1.095, 1.1, 1.105, 1.11, 1.115, 1.12, 1.125, 1.1300000000000001, 1.135, 1.1400000000000001, 1.145, 1.1500000000000001, 1.155, 1.16, 1.165, 1.17, 1.175, 1.18, 1.185, 1.19, 1.195, 1.2, 1.205, 1.21, 1.215, 1.22, 1.225, 1.23, 1.235, 1.24, 1.245, 1.25, 1.2550000000000001, 1.26, 1.2650000000000001, 1.27, 1.2750000000000001, 1.28, 1.285, 1.29, 1.295, 1.3, 1.305, 1.31, 1.315, 1.32, 1.325, 1.33, 1.335, 1.34, 1.345, 1.35, 1.355, 1.36, 1.365, 1.37, 1.375, 1.3800000000000001, 1.385, 1.3900000000000001, 1.395, 1.4000000000000001, 1.405, 1.41, 1.415, 1.42, 1.425, 1.43, 1.435, 1.44, 1.445, 1.45, 1.455, 1.46, 1.465, 1.47, 1.475, 1.48, 1.485, 1.49, 1.495, 1.5, 1.5050000000000001, 1.51, 1.5150000000000001, 1.52, 1.5250000000000001, 1.53, 1.5350000000000001, 1.54, 1.545, 1.55, 1.555, 1.56, 1.565, 1.57, 1.575, 1.58, 1.585, 1.59, 1.595, 1.6, 1.605, 1.61, 1.615, 1.62, 1.625, 1.6300000000000001, 1.635, 1.6400000000000001, 1.645, 1.6500000000000001, 1.655, 1.6600000000000001, 1.665, 1.67, 1.675, 1.68, 1.685, 1.69, 1.695, 1.7, 1.705, 1.71, 1.715, 1.72, 1.725, 1.73, 1.735, 1.74, 1.745, 1.75, 1.7550000000000001, 1.76, 1.7650000000000001, 1.77, 1.7750000000000001, 1.78, 1.7850000000000001, 1.79, 1.795, 1.8, 1.805, 1.81, 1.815, 1.82, 1.825, 1.83, 1.835, 1.84, 1.845, 1.85, 1.855, 1.86, 1.865, 1.87, 1.875, 1.8800000000000001, 1.885, 1.8900000000000001, 1.895, 1.9000000000000001, 1.905, 1.9100000000000001, 1.915, 1.92, 1.925, 1.93, 1.935, 1.94, 1.945, 1.95, 1.955, 1.96, 1.965, 1.97, 1.975, 1.98, 1.985, 1.99, 1.995, 2.0, 2.005, 2.0100000000000002, 2.015, 2.02, 2.025, 2.0300000000000002, 2.035, 2.04, 2.045, 2.05, 2.055, 2.06, 2.065, 2.07, 2.075, 2.08, 2.085, 2.09, 2.095, 2.1, 2.105, 2.11, 2.115, 2.12, 2.125, 2.13, 2.1350000000000002, 2.14, 2.145, 2.15, 2.1550000000000002, 2.16, 2.165, 2.17, 2.1750000000000003, 2.18, 2.185, 2.19, 2.195, 2.2, 2.205, 2.21, 2.215, 2.22, 2.225, 2.23, 2.235, 2.24, 2.245, 2.25, 2.255, 2.2600000000000002, 2.265, 2.27, 2.275, 2.2800000000000002, 2.285, 2.29, 2.295, 2.3000000000000003, 2.305, 2.31, 2.315, 2.32, 2.325, 2.33, 2.335, 2.34, 2.345, 2.35, 2.355, 2.36, 2.365, 2.37, 2.375, 2.38, 2.3850000000000002, 2.39, 2.395, 2.4, 2.4050000000000002, 2.41, 2.415, 2.42, 2.4250000000000003, 2.43, 2.435, 2.44, 2.445, 2.45, 2.455, 2.46, 2.465, 2.47, 2.475, 2.48, 2.485, 2.49, 2.495, 2.5, 2.505, 2.5100000000000002, 2.515, 2.52, 2.525, 2.5300000000000002, 2.535, 2.54, 2.545, 2.5500000000000003, 2.555, 2.56, 2.565, 2.57, 2.575, 2.58, 2.585, 2.59, 2.595, 2.6, 2.605, 2.61, 2.615, 2.62, 2.625, 2.63, 2.6350000000000002, 2.64, 2.645, 2.65, 2.6550000000000002, 2.66, 2.665, 2.67, 2.6750000000000003, 2.68, 2.685, 2.69, 2.695, 2.7, 2.705, 2.71, 2.715, 2.72, 2.725, 2.73, 2.735, 2.74, 2.745, 2.75, 2.755, 2.7600000000000002, 2.765, 2.77, 2.775, 2.7800000000000002, 2.785, 2.79, 2.795, 2.8000000000000003, 2.805, 2.81, 2.815, 2.82, 2.825, 2.83, 2.835, 2.84, 2.845, 2.85, 2.855, 2.86, 2.865, 2.87, 2.875, 2.88, 2.8850000000000002, 2.89, 2.895, 2.9, 2.9050000000000002, 2.91, 2.915, 2.92, 2.9250000000000003, 2.93, 2.935, 2.94, 2.945, 2.95, 2.955, 2.96, 2.965, 2.97, 2.975, 2.98, 2.985, 2.99, 2.995, 3.0, 3.005, 3.0100000000000002, 3.015, 3.02, 3.025, 3.0300000000000002, 3.035, 3.04, 3.045, 3.0500000000000003, 3.055, 3.06, 3.065, 3.0700000000000003, 3.075, 3.08, 3.085, 3.09, 3.095, 3.1, 3.105, 3.11, 3.115, 3.12, 3.125, 3.13, 3.1350000000000002, 3.14, 3.145, 3.15, 3.1550000000000002, 3.16, 3.165, 3.17, 3.1750000000000003, 3.18, 3.185, 3.19, 3.1950000000000003, 3.2, 3.205, 3.21, 3.215, 3.22, 3.225, 3.23, 3.235, 3.24, 3.245, 3.25, 3.255, 3.2600000000000002, 3.265, 3.27, 3.275, 